{
    "contents": {
        "category": 62,
        "date": {
            "day": 1,
            "month": 6,
            "year": 2011
        },
        "edition": {
            "major": 1,
            "minor": 2
        },
        "fspecByteSize": 1,
        "items": [
            {
                "documentation": {
                    "definition": "List of Sensors contributing to the system track and providing a\nlocal track-number\n",
                    "description": null,
                    "remark": null
                },
                "name": "CST",
                "rule": {
                    "contents": {
                        "contents": {
                            "type": {
                                "contents": {
                                    "byteSize": 1
                                },
                                "tag": "RepetitiveRegular"
                            },
                            "variation": {
                                "contents": [
                                    {
                                        "contents": {
                                            "documentation": {
                                                "definition": null,
                                                "description": null,
                                                "remark": null
                                            },
                                            "name": "SAC",
                                            "rule": {
                                                "contents": {
                                                    "contents": {
                                                        "bitSize": 8,
                                                        "rule": {
                                                            "contents": {
                                                                "contents": [],
                                                                "tag": "ContentRaw"
                                                            },
                                                            "tag": "ContextFree"
                                                        }
                                                    },
                                                    "tag": "Element"
                                                },
                                                "tag": "ContextFree"
                                            },
                                            "title": "System Area Code"
                                        },
                                        "tag": "Item"
                                    },
                                    {
                                        "contents": {
                                            "documentation": {
                                                "definition": null,
                                                "description": null,
                                                "remark": null
                                            },
                                            "name": "SIC",
                                            "rule": {
                                                "contents": {
                                                    "contents": {
                                                        "bitSize": 8,
                                                        "rule": {
                                                            "contents": {
                                                                "contents": [],
                                                                "tag": "ContentRaw"
                                                            },
                                                            "tag": "ContextFree"
                                                        }
                                                    },
                                                    "tag": "Element"
                                                },
                                                "tag": "ContextFree"
                                            },
                                            "title": "System Identification Code"
                                        },
                                        "tag": "Item"
                                    },
                                    {
                                        "contents": 4,
                                        "tag": "Spare"
                                    },
                                    {
                                        "contents": {
                                            "documentation": {
                                                "definition": null,
                                                "description": null,
                                                "remark": null
                                            },
                                            "name": "TYP",
                                            "rule": {
                                                "contents": {
                                                    "contents": {
                                                        "bitSize": 4,
                                                        "rule": {
                                                            "contents": {
                                                                "contents": [
                                                                    [
                                                                        0,
                                                                        "No detection"
                                                                    ],
                                                                    [
                                                                        1,
                                                                        "Single PSR detection"
                                                                    ],
                                                                    [
                                                                        2,
                                                                        "Single SSR detection"
                                                                    ],
                                                                    [
                                                                        3,
                                                                        "SSR+PSR detection"
                                                                    ],
                                                                    [
                                                                        4,
                                                                        "Single Mode S All-Call"
                                                                    ],
                                                                    [
                                                                        5,
                                                                        "Single Mode S Roll-Call"
                                                                    ],
                                                                    [
                                                                        6,
                                                                        "Mode S All-Call + PSR"
                                                                    ],
                                                                    [
                                                                        7,
                                                                        "Mode S Roll-Call + PSR"
                                                                    ],
                                                                    [
                                                                        8,
                                                                        "ADS-B"
                                                                    ],
                                                                    [
                                                                        9,
                                                                        "WAM"
                                                                    ]
                                                                ],
                                                                "tag": "ContentTable"
                                                            },
                                                            "tag": "ContextFree"
                                                        }
                                                    },
                                                    "tag": "Element"
                                                },
                                                "tag": "ContextFree"
                                            },
                                            "title": ""
                                        },
                                        "tag": "Item"
                                    },
                                    {
                                        "contents": {
                                            "documentation": {
                                                "definition": null,
                                                "description": null,
                                                "remark": null
                                            },
                                            "name": "LTN",
                                            "rule": {
                                                "contents": {
                                                    "contents": {
                                                        "bitSize": 16,
                                                        "rule": {
                                                            "contents": {
                                                                "contents": [],
                                                                "tag": "ContentRaw"
                                                            },
                                                            "tag": "ContextFree"
                                                        }
                                                    },
                                                    "tag": "Element"
                                                },
                                                "tag": "ContextFree"
                                            },
                                            "title": "Local Track Number"
                                        },
                                        "tag": "Item"
                                    }
                                ],
                                "tag": "Group"
                            }
                        },
                        "tag": "Repetitive"
                    },
                    "tag": "ContextFree"
                },
                "title": "Contributing Sensors With Local Tracknumbers"
            },
            {
                "documentation": {
                    "definition": "List of Sensors contributing to the system track and not providing\na local track-number\n",
                    "description": null,
                    "remark": null
                },
                "name": "CSN",
                "rule": {
                    "contents": {
                        "contents": {
                            "type": {
                                "contents": {
                                    "byteSize": 1
                                },
                                "tag": "RepetitiveRegular"
                            },
                            "variation": {
                                "contents": [
                                    {
                                        "contents": {
                                            "documentation": {
                                                "definition": null,
                                                "description": null,
                                                "remark": null
                                            },
                                            "name": "SAC",
                                            "rule": {
                                                "contents": {
                                                    "contents": {
                                                        "bitSize": 8,
                                                        "rule": {
                                                            "contents": {
                                                                "contents": [],
                                                                "tag": "ContentRaw"
                                                            },
                                                            "tag": "ContextFree"
                                                        }
                                                    },
                                                    "tag": "Element"
                                                },
                                                "tag": "ContextFree"
                                            },
                                            "title": "System Area Code"
                                        },
                                        "tag": "Item"
                                    },
                                    {
                                        "contents": {
                                            "documentation": {
                                                "definition": null,
                                                "description": null,
                                                "remark": null
                                            },
                                            "name": "SIC",
                                            "rule": {
                                                "contents": {
                                                    "contents": {
                                                        "bitSize": 8,
                                                        "rule": {
                                                            "contents": {
                                                                "contents": [],
                                                                "tag": "ContentRaw"
                                                            },
                                                            "tag": "ContextFree"
                                                        }
                                                    },
                                                    "tag": "Element"
                                                },
                                                "tag": "ContextFree"
                                            },
                                            "title": "System Identification Code"
                                        },
                                        "tag": "Item"
                                    },
                                    {
                                        "contents": 4,
                                        "tag": "Spare"
                                    },
                                    {
                                        "contents": {
                                            "documentation": {
                                                "definition": null,
                                                "description": null,
                                                "remark": null
                                            },
                                            "name": "TYP",
                                            "rule": {
                                                "contents": {
                                                    "contents": {
                                                        "bitSize": 4,
                                                        "rule": {
                                                            "contents": {
                                                                "contents": [
                                                                    [
                                                                        0,
                                                                        "No detection"
                                                                    ],
                                                                    [
                                                                        1,
                                                                        "Single PSR detection"
                                                                    ],
                                                                    [
                                                                        2,
                                                                        "Single SSR detection"
                                                                    ],
                                                                    [
                                                                        3,
                                                                        "SSR+PSR detection"
                                                                    ],
                                                                    [
                                                                        4,
                                                                        "Single Mode S All-Call"
                                                                    ],
                                                                    [
                                                                        5,
                                                                        "Single Mode S Roll-Call"
                                                                    ],
                                                                    [
                                                                        6,
                                                                        "Mode S All-Call + PSR"
                                                                    ],
                                                                    [
                                                                        7,
                                                                        "Mode S Roll-Call + PSR"
                                                                    ],
                                                                    [
                                                                        8,
                                                                        "ADS-B"
                                                                    ],
                                                                    [
                                                                        9,
                                                                        "WAM"
                                                                    ]
                                                                ],
                                                                "tag": "ContentTable"
                                                            },
                                                            "tag": "ContextFree"
                                                        }
                                                    },
                                                    "tag": "Element"
                                                },
                                                "tag": "ContextFree"
                                            },
                                            "title": ""
                                        },
                                        "tag": "Item"
                                    }
                                ],
                                "tag": "Group"
                            }
                        },
                        "tag": "Repetitive"
                    },
                    "tag": "ContextFree"
                },
                "title": "Contributing Sensors No Local Tracknumbers"
            },
            {
                "documentation": {
                    "definition": "Calculated track velocity expressed in Cartesian co-ordinates\nrelative to the system reference point, in two’s complement form.\n",
                    "description": null,
                    "remark": "Note:\n    The y-axis points to the Geographical North at the system reference\n    point as available in the Reserved Expansion Field of category 065.\n"
                },
                "name": "TVS",
                "rule": {
                    "contents": {
                        "contents": [
                            {
                                "contents": {
                                    "documentation": {
                                        "definition": null,
                                        "description": null,
                                        "remark": null
                                    },
                                    "name": "VX",
                                    "rule": {
                                        "contents": {
                                            "contents": {
                                                "bitSize": 16,
                                                "rule": {
                                                    "contents": {
                                                        "contents": {
                                                            "constraints": [
                                                                {
                                                                    "contents": {
                                                                        "contents": -8192,
                                                                        "tag": "NumInt"
                                                                    },
                                                                    "tag": "GreaterThanOrEqualTo"
                                                                },
                                                                {
                                                                    "contents": {
                                                                        "contents": {
                                                                            "denominator": {
                                                                                "contents": 4,
                                                                                "tag": "NumInt"
                                                                            },
                                                                            "numerator": {
                                                                                "contents": 32767,
                                                                                "tag": "NumInt"
                                                                            }
                                                                        },
                                                                        "tag": "NumDiv"
                                                                    },
                                                                    "tag": "LessThanOrEqualTo"
                                                                }
                                                            ],
                                                            "lsb": {
                                                                "contents": {
                                                                    "denominator": {
                                                                        "contents": {
                                                                            "base": 2,
                                                                            "exponent": 2
                                                                        },
                                                                        "tag": "NumPow"
                                                                    },
                                                                    "numerator": {
                                                                        "contents": 1,
                                                                        "tag": "NumInt"
                                                                    }
                                                                },
                                                                "tag": "NumDiv"
                                                            },
                                                            "signedness": {
                                                                "contents": [],
                                                                "tag": "Signed"
                                                            },
                                                            "unit": "m/s"
                                                        },
                                                        "tag": "ContentQuantity"
                                                    },
                                                    "tag": "ContextFree"
                                                }
                                            },
                                            "tag": "Element"
                                        },
                                        "tag": "ContextFree"
                                    },
                                    "title": ""
                                },
                                "tag": "Item"
                            },
                            {
                                "contents": {
                                    "documentation": {
                                        "definition": null,
                                        "description": null,
                                        "remark": null
                                    },
                                    "name": "VY",
                                    "rule": {
                                        "contents": {
                                            "contents": {
                                                "bitSize": 16,
                                                "rule": {
                                                    "contents": {
                                                        "contents": {
                                                            "constraints": [
                                                                {
                                                                    "contents": {
                                                                        "contents": -8192,
                                                                        "tag": "NumInt"
                                                                    },
                                                                    "tag": "GreaterThanOrEqualTo"
                                                                },
                                                                {
                                                                    "contents": {
                                                                        "contents": {
                                                                            "denominator": {
                                                                                "contents": 4,
                                                                                "tag": "NumInt"
                                                                            },
                                                                            "numerator": {
                                                                                "contents": 32767,
                                                                                "tag": "NumInt"
                                                                            }
                                                                        },
                                                                        "tag": "NumDiv"
                                                                    },
                                                                    "tag": "LessThanOrEqualTo"
                                                                }
                                                            ],
                                                            "lsb": {
                                                                "contents": {
                                                                    "denominator": {
                                                                        "contents": {
                                                                            "base": 2,
                                                                            "exponent": 2
                                                                        },
                                                                        "tag": "NumPow"
                                                                    },
                                                                    "numerator": {
                                                                        "contents": 1,
                                                                        "tag": "NumInt"
                                                                    }
                                                                },
                                                                "tag": "NumDiv"
                                                            },
                                                            "signedness": {
                                                                "contents": [],
                                                                "tag": "Signed"
                                                            },
                                                            "unit": "m/s"
                                                        },
                                                        "tag": "ContentQuantity"
                                                    },
                                                    "tag": "ContextFree"
                                                }
                                            },
                                            "tag": "Element"
                                        },
                                        "tag": "ContextFree"
                                    },
                                    "title": ""
                                },
                                "tag": "Item"
                            }
                        ],
                        "tag": "Group"
                    },
                    "tag": "ContextFree"
                },
                "title": "Calculated Track Velocity Relative to System Reference Point"
            },
            {
                "documentation": {
                    "definition": "Track status information to be transmitted in addition to the\ninformation available in data item I062/080 (Track Status).\n",
                    "description": null,
                    "remark": null
                },
                "name": "STS",
                "rule": {
                    "contents": {
                        "contents": [
                            {
                                "contents": {
                                    "documentation": {
                                        "definition": null,
                                        "description": null,
                                        "remark": null
                                    },
                                    "name": "FDR",
                                    "rule": {
                                        "contents": {
                                            "contents": {
                                                "bitSize": 1,
                                                "rule": {
                                                    "contents": {
                                                        "contents": [
                                                            [
                                                                0,
                                                                "Flight plan data from active FDPS"
                                                            ],
                                                            [
                                                                1,
                                                                "Flight plan data retained from no longer active FDPS"
                                                            ]
                                                        ],
                                                        "tag": "ContentTable"
                                                    },
                                                    "tag": "ContextFree"
                                                }
                                            },
                                            "tag": "Element"
                                        },
                                        "tag": "ContextFree"
                                    },
                                    "title": "Flight Data Retained"
                                },
                                "tag": "Item"
                            },
                            {
                                "contents": 6,
                                "tag": "Spare"
                            },
                            null
                        ],
                        "tag": "Extended"
                    },
                    "tag": "ContextFree"
                },
                "title": "Supplementary Track Status"
            }
        ],
        "title": "Coding rules for Reserved Expansion Field"
    },
    "tag": "AsterixExpansion"
}