{
    "contents": {
        "catalogue": [
            {
                "documentation": {
                    "definition": "Identification of the receiving centre.\n",
                    "description": null,
                    "remark": "Translation:\n    See Annex 1 Centre ID definition\nNote:\n    The Destination ID is irrelevant in CAT150 messages since the flight plan messages are sent to all 10 centres.\n    Hence, the centre identifier is set to broadcast.\n\n    The workstation identifier can be ignored.\n"
                },
                "name": "010",
                "rule": {
                    "contents": {
                        "contents": [
                            {
                                "contents": {
                                    "documentation": {
                                        "definition": null,
                                        "description": null,
                                        "remark": null
                                    },
                                    "name": "CEN",
                                    "rule": {
                                        "contents": {
                                            "contents": {
                                                "bitSize": 8,
                                                "rule": {
                                                    "contents": {
                                                        "contents": [],
                                                        "tag": "ContentRaw"
                                                    },
                                                    "tag": "ContextFree"
                                                }
                                            },
                                            "tag": "Element"
                                        },
                                        "tag": "ContextFree"
                                    },
                                    "title": "Centre Identifier"
                                },
                                "tag": "Item"
                            },
                            {
                                "contents": {
                                    "documentation": {
                                        "definition": null,
                                        "description": null,
                                        "remark": null
                                    },
                                    "name": "POS",
                                    "rule": {
                                        "contents": {
                                            "contents": {
                                                "bitSize": 8,
                                                "rule": {
                                                    "contents": {
                                                        "contents": [],
                                                        "tag": "ContentRaw"
                                                    },
                                                    "tag": "ContextFree"
                                                }
                                            },
                                            "tag": "Element"
                                        },
                                        "tag": "ContextFree"
                                    },
                                    "title": "Workstation Identifier"
                                },
                                "tag": "Item"
                            }
                        ],
                        "tag": "Group"
                    },
                    "tag": "ContextFree"
                },
                "title": "Destination ID"
            },
            {
                "documentation": {
                    "definition": "Identification of the sending centre.\n",
                    "description": null,
                    "remark": "Translation:\n    See Destination ID.\nNote:\n    The Source ID centre identifier will define the flight plan source centre.\n\n    The workstation identifier can be ignored.\n"
                },
                "name": "020",
                "rule": {
                    "contents": {
                        "contents": [
                            {
                                "contents": {
                                    "documentation": {
                                        "definition": null,
                                        "description": null,
                                        "remark": null
                                    },
                                    "name": "CEN",
                                    "rule": {
                                        "contents": {
                                            "contents": {
                                                "bitSize": 8,
                                                "rule": {
                                                    "contents": {
                                                        "contents": [],
                                                        "tag": "ContentRaw"
                                                    },
                                                    "tag": "ContextFree"
                                                }
                                            },
                                            "tag": "Element"
                                        },
                                        "tag": "ContextFree"
                                    },
                                    "title": "Centre Identifier"
                                },
                                "tag": "Item"
                            },
                            {
                                "contents": {
                                    "documentation": {
                                        "definition": null,
                                        "description": null,
                                        "remark": null
                                    },
                                    "name": "POS",
                                    "rule": {
                                        "contents": {
                                            "contents": {
                                                "bitSize": 8,
                                                "rule": {
                                                    "contents": {
                                                        "contents": [],
                                                        "tag": "ContentRaw"
                                                    },
                                                    "tag": "ContextFree"
                                                }
                                            },
                                            "tag": "Element"
                                        },
                                        "tag": "ContextFree"
                                    },
                                    "title": "Workstation Identifier"
                                },
                                "tag": "Item"
                            }
                        ],
                        "tag": "Group"
                    },
                    "tag": "ContextFree"
                },
                "title": "Source ID"
            },
            {
                "documentation": {
                    "definition": "The event that triggered the message transmission.\n",
                    "description": null,
                    "remark": null
                },
                "name": "030",
                "rule": {
                    "contents": {
                        "contents": {
                            "bitSize": 8,
                            "rule": {
                                "contents": {
                                    "contents": [
                                        [
                                            1,
                                            "Flight plan creation"
                                        ],
                                        [
                                            2,
                                            "Flight plan modification"
                                        ],
                                        [
                                            3,
                                            "Flight plan repetition"
                                        ],
                                        [
                                            4,
                                            "Manual flight plan deletion"
                                        ],
                                        [
                                            5,
                                            "Automatic flight plan deletion"
                                        ],
                                        [
                                            6,
                                            "Flight is beyond extraction area boundary"
                                        ],
                                        [
                                            251,
                                            "Short term conflict alert"
                                        ],
                                        [
                                            252,
                                            "Correlations"
                                        ],
                                        [
                                            253,
                                            "Decorrelations"
                                        ],
                                        [
                                            254,
                                            "Start of background loop"
                                        ],
                                        [
                                            255,
                                            "End of background loop"
                                        ]
                                    ],
                                    "tag": "ContentTable"
                                },
                                "tag": "ContextFree"
                            }
                        },
                        "tag": "Element"
                    },
                    "tag": "ContextFree"
                },
                "title": "Message Type"
            },
            {
                "documentation": {
                    "definition": "Identification of the flight plan.\n",
                    "description": null,
                    "remark": "Note:\n    See Plan and Track Numbers.\n\n    The currently defined range for plan reference numbers used in MADAP is 0 .. 1999. Client systems\n    should allow for a range of 0 .. 2047.\n"
                },
                "name": "040",
                "rule": {
                    "contents": {
                        "contents": {
                            "bitSize": 16,
                            "rule": {
                                "contents": {
                                    "contents": [],
                                    "tag": "ContentRaw"
                                },
                                "tag": "ContextFree"
                            }
                        },
                        "tag": "Element"
                    },
                    "tag": "ContextFree"
                },
                "title": "Plan Reference Number"
            },
            {
                "documentation": {
                    "definition": "Flight identity.\n",
                    "description": null,
                    "remark": null
                },
                "name": "050",
                "rule": {
                    "contents": {
                        "contents": {
                            "bitSize": 56,
                            "rule": {
                                "contents": {
                                    "contents": {
                                        "contents": [],
                                        "tag": "StringAscii"
                                    },
                                    "tag": "ContentString"
                                },
                                "tag": "ContextFree"
                            }
                        },
                        "tag": "Element"
                    },
                    "tag": "ContextFree"
                },
                "title": "Callsign"
            },
            {
                "documentation": {
                    "definition": "Actual transponder code mode 3A of the flight.\n",
                    "description": null,
                    "remark": "Translation:\n    Octal representation.\n\n    - zzzz: no code availlable/assigned\n    - dd00: code family\n    - other: discrete code\n\n    where:\n\n    - z :== 'z'\n    - 0 :== '0'\n    - d :== '0' .. '7'\n"
                },
                "name": "060",
                "rule": {
                    "contents": {
                        "contents": {
                            "bitSize": 32,
                            "rule": {
                                "contents": {
                                    "contents": {
                                        "contents": [],
                                        "tag": "StringAscii"
                                    },
                                    "tag": "ContentString"
                                },
                                "tag": "ContextFree"
                            }
                        },
                        "tag": "Element"
                    },
                    "tag": "ContextFree"
                },
                "title": "Present Mode 3A"
            },
            {
                "documentation": {
                    "definition": "Next transponder code mode 3A of the flight.\n",
                    "description": null,
                    "remark": "Translation:\n    See Present Mode 3A.\n"
                },
                "name": "070",
                "rule": {
                    "contents": {
                        "contents": {
                            "bitSize": 32,
                            "rule": {
                                "contents": {
                                    "contents": {
                                        "contents": [],
                                        "tag": "StringAscii"
                                    },
                                    "tag": "ContentString"
                                },
                                "tag": "ContextFree"
                            }
                        },
                        "tag": "Element"
                    },
                    "tag": "ContextFree"
                },
                "title": "Next Mode 3A"
            },
            {
                "documentation": {
                    "definition": "Identification of the flight’s departure aerodrome.\n",
                    "description": null,
                    "remark": "Translation:\n    - zzzz: no standard ICAO location identifier\n    - other: unique ICAO location identifier\n\n    where:\n\n    - z :== 'z'\n"
                },
                "name": "080",
                "rule": {
                    "contents": {
                        "contents": {
                            "bitSize": 32,
                            "rule": {
                                "contents": {
                                    "contents": {
                                        "contents": [],
                                        "tag": "StringAscii"
                                    },
                                    "tag": "ContentString"
                                },
                                "tag": "ContextFree"
                            }
                        },
                        "tag": "Element"
                    },
                    "tag": "ContextFree"
                },
                "title": "Departure Aerodrome"
            },
            {
                "documentation": {
                    "definition": "Identification of the flight’s destination aerodrome. \n",
                    "description": null,
                    "remark": "Translation:\n    See Departure Aerodrome.\n"
                },
                "name": "090",
                "rule": {
                    "contents": {
                        "contents": {
                            "bitSize": 32,
                            "rule": {
                                "contents": {
                                    "contents": {
                                        "contents": [],
                                        "tag": "StringAscii"
                                    },
                                    "tag": "ContentString"
                                },
                                "tag": "ContextFree"
                            }
                        },
                        "tag": "Element"
                    },
                    "tag": "ContextFree"
                },
                "title": "Destination Aerodrome"
            },
            {
                "documentation": {
                    "definition": "Type of flight and type of flight plan. \n",
                    "description": null,
                    "remark": null
                },
                "name": "100",
                "rule": {
                    "contents": {
                        "contents": [
                            {
                                "contents": {
                                    "documentation": {
                                        "definition": null,
                                        "description": null,
                                        "remark": null
                                    },
                                    "name": "GAT",
                                    "rule": {
                                        "contents": {
                                            "contents": {
                                                "bitSize": 1,
                                                "rule": {
                                                    "contents": {
                                                        "contents": [],
                                                        "tag": "ContentRaw"
                                                    },
                                                    "tag": "ContextFree"
                                                }
                                            },
                                            "tag": "Element"
                                        },
                                        "tag": "ContextFree"
                                    },
                                    "title": "General Air Traffic"
                                },
                                "tag": "Item"
                            },
                            {
                                "contents": {
                                    "documentation": {
                                        "definition": null,
                                        "description": null,
                                        "remark": null
                                    },
                                    "name": "OAT",
                                    "rule": {
                                        "contents": {
                                            "contents": {
                                                "bitSize": 1,
                                                "rule": {
                                                    "contents": {
                                                        "contents": [],
                                                        "tag": "ContentRaw"
                                                    },
                                                    "tag": "ContextFree"
                                                }
                                            },
                                            "tag": "Element"
                                        },
                                        "tag": "ContextFree"
                                    },
                                    "title": "Operational Air Traffic"
                                },
                                "tag": "Item"
                            },
                            {
                                "contents": 3,
                                "tag": "Spare"
                            },
                            {
                                "contents": {
                                    "documentation": {
                                        "definition": null,
                                        "description": null,
                                        "remark": null
                                    },
                                    "name": "CPL",
                                    "rule": {
                                        "contents": {
                                            "contents": {
                                                "bitSize": 1,
                                                "rule": {
                                                    "contents": {
                                                        "contents": [],
                                                        "tag": "ContentRaw"
                                                    },
                                                    "tag": "ContextFree"
                                                }
                                            },
                                            "tag": "Element"
                                        },
                                        "tag": "ContextFree"
                                    },
                                    "title": "Complete Flight Plan"
                                },
                                "tag": "Item"
                            },
                            {
                                "contents": {
                                    "documentation": {
                                        "definition": null,
                                        "description": null,
                                        "remark": null
                                    },
                                    "name": "SPN",
                                    "rule": {
                                        "contents": {
                                            "contents": {
                                                "bitSize": 1,
                                                "rule": {
                                                    "contents": {
                                                        "contents": [],
                                                        "tag": "ContentRaw"
                                                    },
                                                    "tag": "ContextFree"
                                                }
                                            },
                                            "tag": "Element"
                                        },
                                        "tag": "ContextFree"
                                    },
                                    "title": "Short Flight Plan"
                                },
                                "tag": "Item"
                            },
                            {
                                "contents": 1,
                                "tag": "Spare"
                            }
                        ],
                        "tag": "Group"
                    },
                    "tag": "ContextFree"
                },
                "title": "Type Flags"
            },
            {
                "documentation": {
                    "definition": "Status of the flight. \n",
                    "description": null,
                    "remark": "Note:\n    If an aircraft is set in hold status then the ETO values are increased with 3 hours. \n\n    RVQ is set for:\n\n    - GAT or GAT SPN: never\n    - GAT or OAT CPL: if “W” filed in field 10a [Radio Communication, Navigation and Approach Aid Equipment] of the flightplan\n\n    RVC is set for:\n\n    - GAT or OAT SPN: on controller input or reception of ACT with “RVSM Capable”\n    - GAT or OAT CPL (in decreasing priority):\n        - Controller input or reception of ABI or ACT with “RVSM Capable”\n        - “W” filed in field 10a [Radio Communication, Navigation and Approach Aid Equipment] and “1” filed in field 9a [number of aircraft] in the flightplan.\n\n    RVX is set for:\n\n    - GAT SPN: on controller input “RVSM Exempted”\n    - OAT SPN: by default or on controller input “RVSM Exempted”\n    - GAT or OAT CPL: if “O”, “M” or “A” filed in field 8b [type of flight] of the flightplan \n"
                },
                "name": "110",
                "rule": {
                    "contents": {
                        "contents": [
                            {
                                "contents": 1,
                                "tag": "Spare"
                            },
                            {
                                "contents": {
                                    "documentation": {
                                        "definition": null,
                                        "description": null,
                                        "remark": null
                                    },
                                    "name": "HLD",
                                    "rule": {
                                        "contents": {
                                            "contents": {
                                                "bitSize": 1,
                                                "rule": {
                                                    "contents": {
                                                        "contents": [],
                                                        "tag": "ContentRaw"
                                                    },
                                                    "tag": "ContextFree"
                                                }
                                            },
                                            "tag": "Element"
                                        },
                                        "tag": "ContextFree"
                                    },
                                    "title": "Aircraft is in Hold State"
                                },
                                "tag": "Item"
                            },
                            {
                                "contents": {
                                    "documentation": {
                                        "definition": null,
                                        "description": null,
                                        "remark": null
                                    },
                                    "name": "RVQ",
                                    "rule": {
                                        "contents": {
                                            "contents": {
                                                "bitSize": 1,
                                                "rule": {
                                                    "contents": {
                                                        "contents": [],
                                                        "tag": "ContentRaw"
                                                    },
                                                    "tag": "ContextFree"
                                                }
                                            },
                                            "tag": "Element"
                                        },
                                        "tag": "ContextFree"
                                    },
                                    "title": "Aircraft is RVSM Equipped"
                                },
                                "tag": "Item"
                            },
                            {
                                "contents": {
                                    "documentation": {
                                        "definition": null,
                                        "description": null,
                                        "remark": null
                                    },
                                    "name": "RVC",
                                    "rule": {
                                        "contents": {
                                            "contents": {
                                                "bitSize": 1,
                                                "rule": {
                                                    "contents": {
                                                        "contents": [],
                                                        "tag": "ContentRaw"
                                                    },
                                                    "tag": "ContextFree"
                                                }
                                            },
                                            "tag": "Element"
                                        },
                                        "tag": "ContextFree"
                                    },
                                    "title": "Aircraft is RVSM Capable"
                                },
                                "tag": "Item"
                            },
                            {
                                "contents": {
                                    "documentation": {
                                        "definition": null,
                                        "description": null,
                                        "remark": null
                                    },
                                    "name": "RVX",
                                    "rule": {
                                        "contents": {
                                            "contents": {
                                                "bitSize": 1,
                                                "rule": {
                                                    "contents": {
                                                        "contents": [],
                                                        "tag": "ContentRaw"
                                                    },
                                                    "tag": "ContextFree"
                                                }
                                            },
                                            "tag": "Element"
                                        },
                                        "tag": "ContextFree"
                                    },
                                    "title": "Aircraft is RVSM Exempted"
                                },
                                "tag": "Item"
                            },
                            {
                                "contents": 3,
                                "tag": "Spare"
                            }
                        ],
                        "tag": "Group"
                    },
                    "tag": "ContextFree"
                },
                "title": "Status Flags"
            },
            {
                "documentation": {
                    "definition": "Flight formation details. \n",
                    "description": null,
                    "remark": null
                },
                "name": "120",
                "rule": {
                    "contents": {
                        "contents": [
                            {
                                "contents": {
                                    "documentation": {
                                        "definition": null,
                                        "description": null,
                                        "remark": null
                                    },
                                    "name": "NOA",
                                    "rule": {
                                        "contents": {
                                            "contents": {
                                                "bitSize": 16,
                                                "rule": {
                                                    "contents": {
                                                        "contents": {
                                                            "contents": [],
                                                            "tag": "StringAscii"
                                                        },
                                                        "tag": "ContentString"
                                                    },
                                                    "tag": "ContextFree"
                                                }
                                            },
                                            "tag": "Element"
                                        },
                                        "tag": "ContextFree"
                                    },
                                    "title": "Number of Aircraft"
                                },
                                "tag": "Item"
                            },
                            {
                                "contents": {
                                    "documentation": {
                                        "definition": null,
                                        "description": null,
                                        "remark": null
                                    },
                                    "name": "TOA",
                                    "rule": {
                                        "contents": {
                                            "contents": {
                                                "bitSize": 32,
                                                "rule": {
                                                    "contents": {
                                                        "contents": {
                                                            "contents": [],
                                                            "tag": "StringAscii"
                                                        },
                                                        "tag": "ContentString"
                                                    },
                                                    "tag": "ContextFree"
                                                }
                                            },
                                            "tag": "Element"
                                        },
                                        "tag": "ContextFree"
                                    },
                                    "title": "Type of Aircraft"
                                },
                                "tag": "Item"
                            },
                            {
                                "contents": {
                                    "documentation": {
                                        "definition": null,
                                        "description": null,
                                        "remark": null
                                    },
                                    "name": "WT",
                                    "rule": {
                                        "contents": {
                                            "contents": {
                                                "bitSize": 8,
                                                "rule": {
                                                    "contents": {
                                                        "contents": {
                                                            "contents": [],
                                                            "tag": "StringAscii"
                                                        },
                                                        "tag": "ContentString"
                                                    },
                                                    "tag": "ContextFree"
                                                }
                                            },
                                            "tag": "Element"
                                        },
                                        "tag": "ContextFree"
                                    },
                                    "title": "Wake Turbulence"
                                },
                                "tag": "Item"
                            }
                        ],
                        "tag": "Group"
                    },
                    "tag": "ContextFree"
                },
                "title": "Aircraft Type"
            },
            {
                "documentation": {
                    "definition": "Cleared flight level from the sector that has the aircraft under control. \n",
                    "description": null,
                    "remark": "Translation:\n    Cleared Flight Level is listed in FLs (100ft).\nNote:\n    The Cleared Flight Level corresponds to the “current Planned Flight Level”, valid for the sector which\n    is currently in communications with the aircraft.\n    \n    Intermediate flight levels, temporarily assigned by controllers, are not distributed by MADAP. \n"
                },
                "name": "130",
                "rule": {
                    "contents": {
                        "contents": {
                            "bitSize": 24,
                            "rule": {
                                "contents": {
                                    "contents": {
                                        "contents": [],
                                        "tag": "StringAscii"
                                    },
                                    "tag": "ContentString"
                                },
                                "tag": "ContextFree"
                            }
                        },
                        "tag": "Element"
                    },
                    "tag": "ContextFree"
                },
                "title": "Cleared Flight Level"
            },
            {
                "documentation": {
                    "definition": "Route point descriptions. \n",
                    "description": null,
                    "remark": "Translation:\n    See layout table in specification document.\nNote:\n    For all route point items (140..180), present in a single message the count values are equal. Co4 ordinate (1), description (1), etc. form a single route point.\n    \n    The maximum number of route points is currently set to 28. \n"
                },
                "name": "140",
                "rule": {
                    "contents": {
                        "contents": {
                            "type": {
                                "contents": {
                                    "byteSize": 1
                                },
                                "tag": "RepetitiveRegular"
                            },
                            "variation": {
                                "contents": [
                                    {
                                        "contents": {
                                            "documentation": {
                                                "definition": null,
                                                "description": null,
                                                "remark": null
                                            },
                                            "name": "T",
                                            "rule": {
                                                "contents": {
                                                    "contents": {
                                                        "bitSize": 8,
                                                        "rule": {
                                                            "contents": {
                                                                "contents": [
                                                                    [
                                                                        1,
                                                                        "P, point"
                                                                    ],
                                                                    [
                                                                        2,
                                                                        "B, point with bearing and distance"
                                                                    ],
                                                                    [
                                                                        3,
                                                                        "LS, latitude/longitude position short format"
                                                                    ],
                                                                    [
                                                                        4,
                                                                        "LL, latitude/longitude position long format"
                                                                    ],
                                                                    [
                                                                        5,
                                                                        "X, x/y co-ordinate position"
                                                                    ],
                                                                    [
                                                                        6,
                                                                        "G, georeference position"
                                                                    ],
                                                                    [
                                                                        14,
                                                                        "E, airport"
                                                                    ]
                                                                ],
                                                                "tag": "ContentTable"
                                                            },
                                                            "tag": "ContextFree"
                                                        }
                                                    },
                                                    "tag": "Element"
                                                },
                                                "tag": "ContextFree"
                                            },
                                            "title": "Route Point Type"
                                        },
                                        "tag": "Item"
                                    },
                                    {
                                        "contents": {
                                            "documentation": {
                                                "definition": null,
                                                "description": null,
                                                "remark": null
                                            },
                                            "name": "E",
                                            "rule": {
                                                "contents": {
                                                    "contents": {
                                                        "bitSize": 88,
                                                        "rule": {
                                                            "contents": {
                                                                "contents": {
                                                                    "contents": [],
                                                                    "tag": "StringAscii"
                                                                },
                                                                "tag": "ContentString"
                                                            },
                                                            "tag": "ContextFree"
                                                        }
                                                    },
                                                    "tag": "Element"
                                                },
                                                "tag": "ContextFree"
                                            },
                                            "title": "Route Point Description Element"
                                        },
                                        "tag": "Item"
                                    }
                                ],
                                "tag": "Group"
                            }
                        },
                        "tag": "Repetitive"
                    },
                    "tag": "ContextFree"
                },
                "title": "Route Points, Description"
            },
            {
                "documentation": {
                    "definition": "Route point co-ordinates.\n",
                    "description": null,
                    "remark": "Translation:\n    Co-ordinate values are in [NM] as Cartesian offsets from 51°00’00”N, 008°00’00”E.\n"
                },
                "name": "150",
                "rule": {
                    "contents": {
                        "contents": {
                            "type": {
                                "contents": {
                                    "byteSize": 1
                                },
                                "tag": "RepetitiveRegular"
                            },
                            "variation": {
                                "contents": [
                                    {
                                        "contents": {
                                            "documentation": {
                                                "definition": null,
                                                "description": null,
                                                "remark": null
                                            },
                                            "name": "X",
                                            "rule": {
                                                "contents": {
                                                    "contents": {
                                                        "bitSize": 16,
                                                        "rule": {
                                                            "contents": {
                                                                "contents": {
                                                                    "constraints": [],
                                                                    "lsb": {
                                                                        "contents": {
                                                                            "denominator": {
                                                                                "contents": {
                                                                                    "base": 2,
                                                                                    "exponent": 6
                                                                                },
                                                                                "tag": "NumPow"
                                                                            },
                                                                            "numerator": {
                                                                                "contents": 1,
                                                                                "tag": "NumInt"
                                                                            }
                                                                        },
                                                                        "tag": "NumDiv"
                                                                    },
                                                                    "signedness": {
                                                                        "contents": [],
                                                                        "tag": "Signed"
                                                                    },
                                                                    "unit": "NM"
                                                                },
                                                                "tag": "ContentQuantity"
                                                            },
                                                            "tag": "ContextFree"
                                                        }
                                                    },
                                                    "tag": "Element"
                                                },
                                                "tag": "ContextFree"
                                            },
                                            "title": "X Co-ordinate"
                                        },
                                        "tag": "Item"
                                    },
                                    {
                                        "contents": {
                                            "documentation": {
                                                "definition": null,
                                                "description": null,
                                                "remark": null
                                            },
                                            "name": "Y",
                                            "rule": {
                                                "contents": {
                                                    "contents": {
                                                        "bitSize": 16,
                                                        "rule": {
                                                            "contents": {
                                                                "contents": {
                                                                    "constraints": [],
                                                                    "lsb": {
                                                                        "contents": {
                                                                            "denominator": {
                                                                                "contents": {
                                                                                    "base": 2,
                                                                                    "exponent": 6
                                                                                },
                                                                                "tag": "NumPow"
                                                                            },
                                                                            "numerator": {
                                                                                "contents": 1,
                                                                                "tag": "NumInt"
                                                                            }
                                                                        },
                                                                        "tag": "NumDiv"
                                                                    },
                                                                    "signedness": {
                                                                        "contents": [],
                                                                        "tag": "Signed"
                                                                    },
                                                                    "unit": "NM"
                                                                },
                                                                "tag": "ContentQuantity"
                                                            },
                                                            "tag": "ContextFree"
                                                        }
                                                    },
                                                    "tag": "Element"
                                                },
                                                "tag": "ContextFree"
                                            },
                                            "title": "Y Co-ordinate"
                                        },
                                        "tag": "Item"
                                    }
                                ],
                                "tag": "Group"
                            }
                        },
                        "tag": "Repetitive"
                    },
                    "tag": "ContextFree"
                },
                "title": "Route Points, Coordinates"
            },
            {
                "documentation": {
                    "definition": "Route point position in Lat. / Long. (WSG84).\n",
                    "description": null,
                    "remark": "Note:\n    This corresponds to an accuracy of at least 2.4 meters.\n"
                },
                "name": "151",
                "rule": {
                    "contents": {
                        "contents": {
                            "type": {
                                "contents": {
                                    "byteSize": 1
                                },
                                "tag": "RepetitiveRegular"
                            },
                            "variation": {
                                "contents": [
                                    {
                                        "contents": {
                                            "documentation": {
                                                "definition": null,
                                                "description": null,
                                                "remark": null
                                            },
                                            "name": "LAT",
                                            "rule": {
                                                "contents": {
                                                    "contents": {
                                                        "bitSize": 24,
                                                        "rule": {
                                                            "contents": {
                                                                "contents": {
                                                                    "constraints": [
                                                                        {
                                                                            "contents": {
                                                                                "contents": -90,
                                                                                "tag": "NumInt"
                                                                            },
                                                                            "tag": "GreaterThanOrEqualTo"
                                                                        },
                                                                        {
                                                                            "contents": {
                                                                                "contents": 90,
                                                                                "tag": "NumInt"
                                                                            },
                                                                            "tag": "LessThanOrEqualTo"
                                                                        }
                                                                    ],
                                                                    "lsb": {
                                                                        "contents": {
                                                                            "denominator": {
                                                                                "contents": {
                                                                                    "base": 2,
                                                                                    "exponent": 23
                                                                                },
                                                                                "tag": "NumPow"
                                                                            },
                                                                            "numerator": {
                                                                                "contents": 180,
                                                                                "tag": "NumInt"
                                                                            }
                                                                        },
                                                                        "tag": "NumDiv"
                                                                    },
                                                                    "signedness": {
                                                                        "contents": [],
                                                                        "tag": "Signed"
                                                                    },
                                                                    "unit": "°"
                                                                },
                                                                "tag": "ContentQuantity"
                                                            },
                                                            "tag": "ContextFree"
                                                        }
                                                    },
                                                    "tag": "Element"
                                                },
                                                "tag": "ContextFree"
                                            },
                                            "title": "Latitude in WGS.84 in Two's Complement Form"
                                        },
                                        "tag": "Item"
                                    },
                                    {
                                        "contents": {
                                            "documentation": {
                                                "definition": null,
                                                "description": null,
                                                "remark": null
                                            },
                                            "name": "LON",
                                            "rule": {
                                                "contents": {
                                                    "contents": {
                                                        "bitSize": 24,
                                                        "rule": {
                                                            "contents": {
                                                                "contents": {
                                                                    "constraints": [
                                                                        {
                                                                            "contents": {
                                                                                "contents": -180,
                                                                                "tag": "NumInt"
                                                                            },
                                                                            "tag": "GreaterThanOrEqualTo"
                                                                        },
                                                                        {
                                                                            "contents": {
                                                                                "contents": 180,
                                                                                "tag": "NumInt"
                                                                            },
                                                                            "tag": "LessThan"
                                                                        }
                                                                    ],
                                                                    "lsb": {
                                                                        "contents": {
                                                                            "denominator": {
                                                                                "contents": {
                                                                                    "base": 2,
                                                                                    "exponent": 23
                                                                                },
                                                                                "tag": "NumPow"
                                                                            },
                                                                            "numerator": {
                                                                                "contents": 180,
                                                                                "tag": "NumInt"
                                                                            }
                                                                        },
                                                                        "tag": "NumDiv"
                                                                    },
                                                                    "signedness": {
                                                                        "contents": [],
                                                                        "tag": "Signed"
                                                                    },
                                                                    "unit": "°"
                                                                },
                                                                "tag": "ContentQuantity"
                                                            },
                                                            "tag": "ContextFree"
                                                        }
                                                    },
                                                    "tag": "Element"
                                                },
                                                "tag": "ContextFree"
                                            },
                                            "title": "Longitude in WGS.84 in Two's Complement Form"
                                        },
                                        "tag": "Item"
                                    }
                                ],
                                "tag": "Group"
                            }
                        },
                        "tag": "Repetitive"
                    },
                    "tag": "ContextFree"
                },
                "title": "Route Points, Geographic Position"
            },
            {
                "documentation": {
                    "definition": "Estimated times over route points.\n",
                    "description": null,
                    "remark": "Translation:\n    Times are specified in 24-hour format. I.e. ranging from 00:00 to 23:59.\n"
                },
                "name": "160",
                "rule": {
                    "contents": {
                        "contents": {
                            "type": {
                                "contents": {
                                    "byteSize": 1
                                },
                                "tag": "RepetitiveRegular"
                            },
                            "variation": {
                                "contents": [
                                    {
                                        "contents": {
                                            "documentation": {
                                                "definition": null,
                                                "description": null,
                                                "remark": null
                                            },
                                            "name": "HH",
                                            "rule": {
                                                "contents": {
                                                    "contents": {
                                                        "bitSize": 16,
                                                        "rule": {
                                                            "contents": {
                                                                "contents": {
                                                                    "contents": [],
                                                                    "tag": "StringAscii"
                                                                },
                                                                "tag": "ContentString"
                                                            },
                                                            "tag": "ContextFree"
                                                        }
                                                    },
                                                    "tag": "Element"
                                                },
                                                "tag": "ContextFree"
                                            },
                                            "title": "Hours"
                                        },
                                        "tag": "Item"
                                    },
                                    {
                                        "contents": {
                                            "documentation": {
                                                "definition": null,
                                                "description": null,
                                                "remark": null
                                            },
                                            "name": "MM",
                                            "rule": {
                                                "contents": {
                                                    "contents": {
                                                        "bitSize": 16,
                                                        "rule": {
                                                            "contents": {
                                                                "contents": {
                                                                    "contents": [],
                                                                    "tag": "StringAscii"
                                                                },
                                                                "tag": "ContentString"
                                                            },
                                                            "tag": "ContextFree"
                                                        }
                                                    },
                                                    "tag": "Element"
                                                },
                                                "tag": "ContextFree"
                                            },
                                            "title": "Minutes"
                                        },
                                        "tag": "Item"
                                    }
                                ],
                                "tag": "Group"
                            }
                        },
                        "tag": "Repetitive"
                    },
                    "tag": "ContextFree"
                },
                "title": "Route Points, Time"
            },
            {
                "documentation": {
                    "definition": "Planned flight level over route point.\n",
                    "description": null,
                    "remark": "Translation:\n    The planned flight levels are given in FLs (100 ft).\nNote:\n    All flight levels have the same value, equal to the “Current Planned Flight Level”. This is the Planned\n    Flight Level valid for the sector which is in communication with the aircraft.\n"
                },
                "name": "170",
                "rule": {
                    "contents": {
                        "contents": {
                            "type": {
                                "contents": {
                                    "byteSize": 1
                                },
                                "tag": "RepetitiveRegular"
                            },
                            "variation": {
                                "contents": {
                                    "bitSize": 24,
                                    "rule": {
                                        "contents": {
                                            "contents": {
                                                "contents": [],
                                                "tag": "StringAscii"
                                            },
                                            "tag": "ContentString"
                                        },
                                        "tag": "ContextFree"
                                    }
                                },
                                "tag": "Element"
                            }
                        },
                        "tag": "Repetitive"
                    },
                    "tag": "ContextFree"
                },
                "title": "Route Points, Flight Level"
            },
            {
                "documentation": {
                    "definition": "Requested flight level over route point.\n",
                    "description": null,
                    "remark": "Translation:\n    The planned flight levels are given in FLs (100 ft).\n"
                },
                "name": "171",
                "rule": {
                    "contents": {
                        "contents": {
                            "type": {
                                "contents": {
                                    "byteSize": 1
                                },
                                "tag": "RepetitiveRegular"
                            },
                            "variation": {
                                "contents": {
                                    "bitSize": 24,
                                    "rule": {
                                        "contents": {
                                            "contents": {
                                                "contents": [],
                                                "tag": "StringAscii"
                                            },
                                            "tag": "ContentString"
                                        },
                                        "tag": "ContextFree"
                                    }
                                },
                                "tag": "Element"
                            }
                        },
                        "tag": "Repetitive"
                    },
                    "tag": "ContextFree"
                },
                "title": "Route Points, Requested Flight Level"
            },
            {
                "documentation": {
                    "definition": "Filed true air speed over route point.\n",
                    "description": null,
                    "remark": "Translation:\n    The true airspeed is indicated in Knots [NM/h].\n"
                },
                "name": "180",
                "rule": {
                    "contents": {
                        "contents": {
                            "type": {
                                "contents": {
                                    "byteSize": 1
                                },
                                "tag": "RepetitiveRegular"
                            },
                            "variation": {
                                "contents": {
                                    "bitSize": 32,
                                    "rule": {
                                        "contents": {
                                            "contents": {
                                                "contents": [],
                                                "tag": "StringAscii"
                                            },
                                            "tag": "ContentString"
                                        },
                                        "tag": "ContextFree"
                                    }
                                },
                                "tag": "Element"
                            }
                        },
                        "tag": "Repetitive"
                    },
                    "tag": "ContextFree"
                },
                "title": "Route Points, Speed"
            },
            {
                "documentation": {
                    "definition": "Current control position in charge of the aircraft.\n",
                    "description": null,
                    "remark": "Translation:\n    Single character controller ids are sent with a leading space character. This can be interpreted as a\n    right aligned value.\n"
                },
                "name": "190",
                "rule": {
                    "contents": {
                        "contents": {
                            "bitSize": 16,
                            "rule": {
                                "contents": {
                                    "contents": {
                                        "contents": [],
                                        "tag": "StringAscii"
                                    },
                                    "tag": "ContentString"
                                },
                                "tag": "ContextFree"
                            }
                        },
                        "tag": "Element"
                    },
                    "tag": "ContextFree"
                },
                "title": "Controller ID"
            },
            {
                "documentation": {
                    "definition": "Field 18 free text information. Contains subfields, each starting with a 3 or 4 letter keyword followed by\nforward slash; e.g. RMK/free text.\n",
                    "description": null,
                    "remark": null
                },
                "name": "200",
                "rule": {
                    "contents": {
                        "contents": {
                            "type": {
                                "contents": {
                                    "byteSize": 1
                                },
                                "tag": "RepetitiveRegular"
                            },
                            "variation": {
                                "contents": {
                                    "bitSize": 8,
                                    "rule": {
                                        "contents": {
                                            "contents": {
                                                "contents": [],
                                                "tag": "StringAscii"
                                            },
                                            "tag": "ContentString"
                                        },
                                        "tag": "ContextFree"
                                    }
                                },
                                "tag": "Element"
                            }
                        },
                        "tag": "Repetitive"
                    },
                    "tag": "ContextFree"
                },
                "title": "Field 18"
            },
            {
                "documentation": {
                    "definition": "The track number of the track that has been correlated to the flight plan.\n",
                    "description": null,
                    "remark": "Note:\n    See Plan and Track Numbers.\n"
                },
                "name": "210",
                "rule": {
                    "contents": {
                        "contents": {
                            "bitSize": 16,
                            "rule": {
                                "contents": {
                                    "contents": [],
                                    "tag": "ContentRaw"
                                },
                                "tag": "ContextFree"
                            }
                        },
                        "tag": "Element"
                    },
                    "tag": "ContextFree"
                },
                "title": "Correlated Track Number"
            },
            {
                "documentation": {
                    "definition": "Maximum plan count is the maximum number of possible active plans.\n",
                    "description": null,
                    "remark": "Note:\n    The maximum number of active plans is fixed and, at present, set to 302.\n"
                },
                "name": "220",
                "rule": {
                    "contents": {
                        "contents": {
                            "bitSize": 16,
                            "rule": {
                                "contents": {
                                    "contents": {
                                        "constraints": [],
                                        "signedness": {
                                            "contents": [],
                                            "tag": "Unsigned"
                                        }
                                    },
                                    "tag": "ContentInteger"
                                },
                                "tag": "ContextFree"
                            }
                        },
                        "tag": "Element"
                    },
                    "tag": "ContextFree"
                },
                "title": "Maximum Plan Count"
            },
            {
                "documentation": {
                    "definition": "Number of plans that were sent during the last update cycle.\n",
                    "description": null,
                    "remark": "Note:\n    The number of extracted plans should be equal to the number of plans received between the start of\n    cycle and end of cycle messages.\n"
                },
                "name": "230",
                "rule": {
                    "contents": {
                        "contents": {
                            "bitSize": 16,
                            "rule": {
                                "contents": {
                                    "contents": {
                                        "constraints": [],
                                        "signedness": {
                                            "contents": [],
                                            "tag": "Unsigned"
                                        }
                                    },
                                    "tag": "ContentInteger"
                                },
                                "tag": "ContextFree"
                            }
                        },
                        "tag": "Element"
                    },
                    "tag": "ContextFree"
                },
                "title": "Number of Plans"
            },
            {
                "documentation": {
                    "definition": "Array of correlated plan/track combinations valid in the Maastricht UAC Area of Interest.\n",
                    "description": null,
                    "remark": "Note:\n    See Plan and Track Numbers.\n"
                },
                "name": "240",
                "rule": {
                    "contents": {
                        "contents": {
                            "type": {
                                "contents": {
                                    "byteSize": 1
                                },
                                "tag": "RepetitiveRegular"
                            },
                            "variation": {
                                "contents": [
                                    {
                                        "contents": {
                                            "documentation": {
                                                "definition": null,
                                                "description": null,
                                                "remark": null
                                            },
                                            "name": "PLAN",
                                            "rule": {
                                                "contents": {
                                                    "contents": {
                                                        "bitSize": 16,
                                                        "rule": {
                                                            "contents": {
                                                                "contents": [],
                                                                "tag": "ContentRaw"
                                                            },
                                                            "tag": "ContextFree"
                                                        }
                                                    },
                                                    "tag": "Element"
                                                },
                                                "tag": "ContextFree"
                                            },
                                            "title": "Plan Number"
                                        },
                                        "tag": "Item"
                                    },
                                    {
                                        "contents": {
                                            "documentation": {
                                                "definition": null,
                                                "description": null,
                                                "remark": null
                                            },
                                            "name": "TRACK",
                                            "rule": {
                                                "contents": {
                                                    "contents": {
                                                        "bitSize": 16,
                                                        "rule": {
                                                            "contents": {
                                                                "contents": [],
                                                                "tag": "ContentRaw"
                                                            },
                                                            "tag": "ContextFree"
                                                        }
                                                    },
                                                    "tag": "Element"
                                                },
                                                "tag": "ContextFree"
                                            },
                                            "title": "Track Number"
                                        },
                                        "tag": "Item"
                                    }
                                ],
                                "tag": "Group"
                            }
                        },
                        "tag": "Repetitive"
                    },
                    "tag": "ContextFree"
                },
                "title": "Newly Correlated Plans"
            },
            {
                "documentation": {
                    "definition": "Array of de-correlated plans.\n",
                    "description": null,
                    "remark": "Note:\n    Contains an array of Plan Numbers.\n    See Plan and Track Numbers.\n"
                },
                "name": "250",
                "rule": {
                    "contents": {
                        "contents": {
                            "type": {
                                "contents": {
                                    "byteSize": 1
                                },
                                "tag": "RepetitiveRegular"
                            },
                            "variation": {
                                "contents": {
                                    "bitSize": 16,
                                    "rule": {
                                        "contents": {
                                            "contents": [],
                                            "tag": "ContentRaw"
                                        },
                                        "tag": "ContextFree"
                                    }
                                },
                                "tag": "Element"
                            }
                        },
                        "tag": "Repetitive"
                    },
                    "tag": "ContextFree"
                },
                "title": "Newly De-correlated Plans"
            },
            {
                "documentation": {
                    "definition": "Array of conflicting track/track combinations.\n",
                    "description": null,
                    "remark": "Note:\n    See Plan and Track Numbers.\n"
                },
                "name": "251",
                "rule": {
                    "contents": {
                        "contents": {
                            "type": {
                                "contents": {
                                    "byteSize": 1
                                },
                                "tag": "RepetitiveRegular"
                            },
                            "variation": {
                                "contents": [
                                    {
                                        "contents": {
                                            "documentation": {
                                                "definition": null,
                                                "description": null,
                                                "remark": null
                                            },
                                            "name": "TRACK1",
                                            "rule": {
                                                "contents": {
                                                    "contents": {
                                                        "bitSize": 16,
                                                        "rule": {
                                                            "contents": {
                                                                "contents": [],
                                                                "tag": "ContentRaw"
                                                            },
                                                            "tag": "ContextFree"
                                                        }
                                                    },
                                                    "tag": "Element"
                                                },
                                                "tag": "ContextFree"
                                            },
                                            "title": "Track Number 1"
                                        },
                                        "tag": "Item"
                                    },
                                    {
                                        "contents": {
                                            "documentation": {
                                                "definition": null,
                                                "description": null,
                                                "remark": null
                                            },
                                            "name": "TRACK2",
                                            "rule": {
                                                "contents": {
                                                    "contents": {
                                                        "bitSize": 16,
                                                        "rule": {
                                                            "contents": {
                                                                "contents": [],
                                                                "tag": "ContentRaw"
                                                            },
                                                            "tag": "ContextFree"
                                                        }
                                                    },
                                                    "tag": "Element"
                                                },
                                                "tag": "ContextFree"
                                            },
                                            "title": "Track Number 2"
                                        },
                                        "tag": "Item"
                                    }
                                ],
                                "tag": "Group"
                            }
                        },
                        "tag": "Repetitive"
                    },
                    "tag": "ContextFree"
                },
                "title": "Tracks in Conflict"
            }
        ],
        "category": 150,
        "date": {
            "day": 20,
            "month": 8,
            "year": 2004
        },
        "edition": {
            "major": 3,
            "minor": 0
        },
        "preamble": "The main purpose of I150 messages is to distribute Flight Plan data to clients. However, other data\nitems can be sent using I150 as well. I150 messages can be divided into the following sub-categories:\n\n- Flight Plan (Short & Complete)\n- Start/End of cycle\n- Correlation/De-correlation\n- Conflict Alert\n",
        "title": "MADAP Plan Server - Flight Data Message",
        "uap": {
            "contents": [
                {
                    "contents": "010",
                    "tag": "UapItem"
                },
                {
                    "contents": "020",
                    "tag": "UapItem"
                },
                {
                    "contents": "030",
                    "tag": "UapItem"
                },
                {
                    "contents": "040",
                    "tag": "UapItem"
                },
                {
                    "contents": "050",
                    "tag": "UapItem"
                },
                {
                    "contents": "060",
                    "tag": "UapItem"
                },
                {
                    "contents": "070",
                    "tag": "UapItem"
                },
                {
                    "contents": "080",
                    "tag": "UapItem"
                },
                {
                    "contents": "090",
                    "tag": "UapItem"
                },
                {
                    "contents": "100",
                    "tag": "UapItem"
                },
                {
                    "contents": "110",
                    "tag": "UapItem"
                },
                {
                    "contents": "120",
                    "tag": "UapItem"
                },
                {
                    "contents": "130",
                    "tag": "UapItem"
                },
                {
                    "contents": "140",
                    "tag": "UapItem"
                },
                {
                    "contents": "150",
                    "tag": "UapItem"
                },
                {
                    "contents": "160",
                    "tag": "UapItem"
                },
                {
                    "contents": "170",
                    "tag": "UapItem"
                },
                {
                    "contents": "180",
                    "tag": "UapItem"
                },
                {
                    "contents": "190",
                    "tag": "UapItem"
                },
                {
                    "contents": "200",
                    "tag": "UapItem"
                },
                {
                    "contents": "210",
                    "tag": "UapItem"
                },
                {
                    "contents": "220",
                    "tag": "UapItem"
                },
                {
                    "contents": "230",
                    "tag": "UapItem"
                },
                {
                    "contents": "240",
                    "tag": "UapItem"
                },
                {
                    "contents": "250",
                    "tag": "UapItem"
                },
                {
                    "contents": "251",
                    "tag": "UapItem"
                },
                {
                    "contents": "171",
                    "tag": "UapItem"
                },
                {
                    "contents": "151",
                    "tag": "UapItem"
                }
            ],
            "tag": "Uap"
        }
    },
    "tag": "AsterixBasic"
}