{
    "contents": {
        "catalogue": [
            {
                "documentation": {
                    "definition": "Identification of the radar station from which the data are received.\n",
                    "description": null,
                    "remark": "Note:\n    The defined SACs are on the EUROCONTROL ASTERIX website\n    (www.eurocontrol.int/asterix)\n"
                },
                "name": "010",
                "rule": {
                    "contents": {
                        "contents": [
                            {
                                "contents": {
                                    "documentation": {
                                        "definition": null,
                                        "description": null,
                                        "remark": null
                                    },
                                    "name": "SAC",
                                    "rule": {
                                        "contents": {
                                            "contents": {
                                                "bitSize": 8,
                                                "rule": {
                                                    "contents": {
                                                        "contents": [],
                                                        "tag": "ContentRaw"
                                                    },
                                                    "tag": "ContextFree"
                                                }
                                            },
                                            "tag": "Element"
                                        },
                                        "tag": "ContextFree"
                                    },
                                    "title": "System Area Code"
                                },
                                "tag": "Item"
                            },
                            {
                                "contents": {
                                    "documentation": {
                                        "definition": null,
                                        "description": null,
                                        "remark": null
                                    },
                                    "name": "SIC",
                                    "rule": {
                                        "contents": {
                                            "contents": {
                                                "bitSize": 8,
                                                "rule": {
                                                    "contents": {
                                                        "contents": [],
                                                        "tag": "ContentRaw"
                                                    },
                                                    "tag": "ContextFree"
                                                }
                                            },
                                            "tag": "Element"
                                        },
                                        "tag": "ContextFree"
                                    },
                                    "title": "System Identification Code"
                                },
                                "tag": "Item"
                            }
                        ],
                        "tag": "Group"
                    },
                    "tag": "ContextFree"
                },
                "title": "Data Source Identifier"
            },
            {
                "documentation": {
                    "definition": "Identification of the service provided to one or more users.\n",
                    "description": null,
                    "remark": "The service identification is allocated by the SDPS\n"
                },
                "name": "015",
                "rule": {
                    "contents": {
                        "contents": {
                            "bitSize": 8,
                            "rule": {
                                "contents": {
                                    "contents": [],
                                    "tag": "ContentRaw"
                                },
                                "tag": "ContextFree"
                            }
                        },
                        "tag": "Element"
                    },
                    "tag": "ContextFree"
                },
                "title": "Service Identification"
            },
            {
                "documentation": {
                    "definition": "Absolute time stamping of the message, in the form of elapsed time\nsince last midnight, expressed as UTC.\n",
                    "description": null,
                    "remark": "The time of the day value is reset to zero at every midnight.\n"
                },
                "name": "030",
                "rule": {
                    "contents": {
                        "contents": {
                            "bitSize": 24,
                            "rule": {
                                "contents": {
                                    "contents": {
                                        "constraints": [],
                                        "lsb": {
                                            "contents": {
                                                "denominator": {
                                                    "contents": {
                                                        "base": 2,
                                                        "exponent": 7
                                                    },
                                                    "tag": "NumPow"
                                                },
                                                "numerator": {
                                                    "contents": 1,
                                                    "tag": "NumInt"
                                                }
                                            },
                                            "tag": "NumDiv"
                                        },
                                        "signedness": {
                                            "contents": [],
                                            "tag": "Unsigned"
                                        },
                                        "unit": "s"
                                    },
                                    "tag": "ContentQuantity"
                                },
                                "tag": "ContextFree"
                            }
                        },
                        "tag": "Element"
                    },
                    "tag": "ContextFree"
                },
                "title": "Time of Message"
            },
            {
                "documentation": {
                    "definition": null,
                    "description": null,
                    "remark": "- The up-to-date list of SACs is published on the EUROCONTROL\n  Web Site (http://www.eurocontrol.int/asterix).\n- If the SAC/SIC refers to an SDPS used as input, the respective\n  sensor status information will be transmitted using the Reserved\n  Expansion Field.\n"
                },
                "name": "050",
                "rule": {
                    "contents": {
                        "contents": [
                            {
                                "contents": {
                                    "documentation": {
                                        "definition": null,
                                        "description": null,
                                        "remark": null
                                    },
                                    "name": "SAC",
                                    "rule": {
                                        "contents": {
                                            "contents": {
                                                "bitSize": 8,
                                                "rule": {
                                                    "contents": {
                                                        "contents": [],
                                                        "tag": "ContentRaw"
                                                    },
                                                    "tag": "ContextFree"
                                                }
                                            },
                                            "tag": "Element"
                                        },
                                        "tag": "ContextFree"
                                    },
                                    "title": "System Area Code"
                                },
                                "tag": "Item"
                            },
                            {
                                "contents": {
                                    "documentation": {
                                        "definition": null,
                                        "description": null,
                                        "remark": null
                                    },
                                    "name": "SIC",
                                    "rule": {
                                        "contents": {
                                            "contents": {
                                                "bitSize": 8,
                                                "rule": {
                                                    "contents": {
                                                        "contents": [],
                                                        "tag": "ContentRaw"
                                                    },
                                                    "tag": "ContextFree"
                                                }
                                            },
                                            "tag": "Element"
                                        },
                                        "tag": "ContextFree"
                                    },
                                    "title": "System Identification Code"
                                },
                                "tag": "Item"
                            }
                        ],
                        "tag": "Group"
                    },
                    "tag": "ContextFree"
                },
                "title": "Sensor Identifier"
            },
            {
                "documentation": {
                    "definition": "Configuration and status of the sensor\n",
                    "description": null,
                    "remark": "1. GO/NOGO information from PSR, SSR, Mode S, ADS and MLT is derived\n   from monosensor categories and has a meaning only for operational\n   sensors, whereas (CON) is derived by the SDPS.\n2. The information (OPS), (ODP), (OXT), (MSC) and (TSV) are only related to\n   CNS/ATM Ground Station and are derived from monosensor category\n   (ASTERIX Cat 023).\n"
                },
                "name": "060",
                "rule": {
                    "contents": {
                        "contents": [
                            {
                                "contents": {
                                    "documentation": {
                                        "definition": null,
                                        "description": null,
                                        "remark": null
                                    },
                                    "name": "CON",
                                    "rule": {
                                        "contents": {
                                            "contents": {
                                                "bitSize": 2,
                                                "rule": {
                                                    "contents": {
                                                        "contents": [
                                                            [
                                                                0,
                                                                "Operational"
                                                            ],
                                                            [
                                                                1,
                                                                "Degraded"
                                                            ],
                                                            [
                                                                2,
                                                                "Initialization"
                                                            ],
                                                            [
                                                                3,
                                                                "Not currently connected"
                                                            ]
                                                        ],
                                                        "tag": "ContentTable"
                                                    },
                                                    "tag": "ContextFree"
                                                }
                                            },
                                            "tag": "Element"
                                        },
                                        "tag": "ContextFree"
                                    },
                                    "title": ""
                                },
                                "tag": "Item"
                            },
                            {
                                "contents": {
                                    "documentation": {
                                        "definition": null,
                                        "description": null,
                                        "remark": null
                                    },
                                    "name": "PSR",
                                    "rule": {
                                        "contents": {
                                            "contents": {
                                                "bitSize": 1,
                                                "rule": {
                                                    "contents": {
                                                        "contents": [
                                                            [
                                                                0,
                                                                "PSR GO"
                                                            ],
                                                            [
                                                                1,
                                                                "PSR NOGO"
                                                            ]
                                                        ],
                                                        "tag": "ContentTable"
                                                    },
                                                    "tag": "ContextFree"
                                                }
                                            },
                                            "tag": "Element"
                                        },
                                        "tag": "ContextFree"
                                    },
                                    "title": ""
                                },
                                "tag": "Item"
                            },
                            {
                                "contents": {
                                    "documentation": {
                                        "definition": null,
                                        "description": null,
                                        "remark": null
                                    },
                                    "name": "SSR",
                                    "rule": {
                                        "contents": {
                                            "contents": {
                                                "bitSize": 1,
                                                "rule": {
                                                    "contents": {
                                                        "contents": [
                                                            [
                                                                0,
                                                                "SSR GO"
                                                            ],
                                                            [
                                                                1,
                                                                "SSR NOGO"
                                                            ]
                                                        ],
                                                        "tag": "ContentTable"
                                                    },
                                                    "tag": "ContextFree"
                                                }
                                            },
                                            "tag": "Element"
                                        },
                                        "tag": "ContextFree"
                                    },
                                    "title": ""
                                },
                                "tag": "Item"
                            },
                            {
                                "contents": {
                                    "documentation": {
                                        "definition": null,
                                        "description": null,
                                        "remark": null
                                    },
                                    "name": "MDS",
                                    "rule": {
                                        "contents": {
                                            "contents": {
                                                "bitSize": 1,
                                                "rule": {
                                                    "contents": {
                                                        "contents": [
                                                            [
                                                                0,
                                                                "MDS GO"
                                                            ],
                                                            [
                                                                1,
                                                                "MDS NOGO"
                                                            ]
                                                        ],
                                                        "tag": "ContentTable"
                                                    },
                                                    "tag": "ContextFree"
                                                }
                                            },
                                            "tag": "Element"
                                        },
                                        "tag": "ContextFree"
                                    },
                                    "title": ""
                                },
                                "tag": "Item"
                            },
                            {
                                "contents": {
                                    "documentation": {
                                        "definition": null,
                                        "description": null,
                                        "remark": null
                                    },
                                    "name": "ADS",
                                    "rule": {
                                        "contents": {
                                            "contents": {
                                                "bitSize": 1,
                                                "rule": {
                                                    "contents": {
                                                        "contents": [
                                                            [
                                                                0,
                                                                "ADS GO"
                                                            ],
                                                            [
                                                                1,
                                                                "ADS NOGO"
                                                            ]
                                                        ],
                                                        "tag": "ContentTable"
                                                    },
                                                    "tag": "ContextFree"
                                                }
                                            },
                                            "tag": "Element"
                                        },
                                        "tag": "ContextFree"
                                    },
                                    "title": ""
                                },
                                "tag": "Item"
                            },
                            {
                                "contents": {
                                    "documentation": {
                                        "definition": null,
                                        "description": null,
                                        "remark": null
                                    },
                                    "name": "MLT",
                                    "rule": {
                                        "contents": {
                                            "contents": {
                                                "bitSize": 1,
                                                "rule": {
                                                    "contents": {
                                                        "contents": [
                                                            [
                                                                0,
                                                                "MLT GO"
                                                            ],
                                                            [
                                                                1,
                                                                "MLT NOGO"
                                                            ]
                                                        ],
                                                        "tag": "ContentTable"
                                                    },
                                                    "tag": "ContextFree"
                                                }
                                            },
                                            "tag": "Element"
                                        },
                                        "tag": "ContextFree"
                                    },
                                    "title": ""
                                },
                                "tag": "Item"
                            },
                            null,
                            {
                                "contents": {
                                    "documentation": {
                                        "definition": null,
                                        "description": null,
                                        "remark": null
                                    },
                                    "name": "OPS",
                                    "rule": {
                                        "contents": {
                                            "contents": {
                                                "bitSize": 1,
                                                "rule": {
                                                    "contents": {
                                                        "contents": [
                                                            [
                                                                0,
                                                                "System is released for operational use"
                                                            ],
                                                            [
                                                                1,
                                                                "Operational use of System is inhibited"
                                                            ]
                                                        ],
                                                        "tag": "ContentTable"
                                                    },
                                                    "tag": "ContextFree"
                                                }
                                            },
                                            "tag": "Element"
                                        },
                                        "tag": "ContextFree"
                                    },
                                    "title": "Operational Release Status of the System"
                                },
                                "tag": "Item"
                            },
                            {
                                "contents": {
                                    "documentation": {
                                        "definition": null,
                                        "description": null,
                                        "remark": null
                                    },
                                    "name": "ODP",
                                    "rule": {
                                        "contents": {
                                            "contents": {
                                                "bitSize": 1,
                                                "rule": {
                                                    "contents": {
                                                        "contents": [
                                                            [
                                                                0,
                                                                "Default, no overload"
                                                            ],
                                                            [
                                                                1,
                                                                "Overload in DP"
                                                            ]
                                                        ],
                                                        "tag": "ContentTable"
                                                    },
                                                    "tag": "ContextFree"
                                                }
                                            },
                                            "tag": "Element"
                                        },
                                        "tag": "ContextFree"
                                    },
                                    "title": "Data Processor Overload Indicator"
                                },
                                "tag": "Item"
                            },
                            {
                                "contents": {
                                    "documentation": {
                                        "definition": null,
                                        "description": null,
                                        "remark": null
                                    },
                                    "name": "OXT",
                                    "rule": {
                                        "contents": {
                                            "contents": {
                                                "bitSize": 1,
                                                "rule": {
                                                    "contents": {
                                                        "contents": [
                                                            [
                                                                0,
                                                                "Default, no overload"
                                                            ],
                                                            [
                                                                1,
                                                                "Overload in transmission subsystem"
                                                            ]
                                                        ],
                                                        "tag": "ContentTable"
                                                    },
                                                    "tag": "ContextFree"
                                                }
                                            },
                                            "tag": "Element"
                                        },
                                        "tag": "ContextFree"
                                    },
                                    "title": "Transmission Subsystem Overload Status"
                                },
                                "tag": "Item"
                            },
                            {
                                "contents": {
                                    "documentation": {
                                        "definition": null,
                                        "description": null,
                                        "remark": null
                                    },
                                    "name": "MSC",
                                    "rule": {
                                        "contents": {
                                            "contents": {
                                                "bitSize": 1,
                                                "rule": {
                                                    "contents": {
                                                        "contents": [
                                                            [
                                                                0,
                                                                "Monitoring system connected"
                                                            ],
                                                            [
                                                                1,
                                                                "Monitoring system disconnected"
                                                            ]
                                                        ],
                                                        "tag": "ContentTable"
                                                    },
                                                    "tag": "ContextFree"
                                                }
                                            },
                                            "tag": "Element"
                                        },
                                        "tag": "ContextFree"
                                    },
                                    "title": "Monitoring System Connected Status"
                                },
                                "tag": "Item"
                            },
                            {
                                "contents": {
                                    "documentation": {
                                        "definition": null,
                                        "description": null,
                                        "remark": null
                                    },
                                    "name": "TSV",
                                    "rule": {
                                        "contents": {
                                            "contents": {
                                                "bitSize": 1,
                                                "rule": {
                                                    "contents": {
                                                        "contents": [
                                                            [
                                                                0,
                                                                "Valid"
                                                            ],
                                                            [
                                                                1,
                                                                "Invalid"
                                                            ]
                                                        ],
                                                        "tag": "ContentTable"
                                                    },
                                                    "tag": "ContextFree"
                                                }
                                            },
                                            "tag": "Element"
                                        },
                                        "tag": "ContextFree"
                                    },
                                    "title": "Time Source Validity"
                                },
                                "tag": "Item"
                            },
                            {
                                "contents": {
                                    "documentation": {
                                        "definition": null,
                                        "description": null,
                                        "remark": null
                                    },
                                    "name": "NPW",
                                    "rule": {
                                        "contents": {
                                            "contents": {
                                                "bitSize": 1,
                                                "rule": {
                                                    "contents": {
                                                        "contents": [
                                                            [
                                                                0,
                                                                "Default (no meaning)"
                                                            ],
                                                            [
                                                                1,
                                                                "No plots being received"
                                                            ]
                                                        ],
                                                        "tag": "ContentTable"
                                                    },
                                                    "tag": "ContextFree"
                                                }
                                            },
                                            "tag": "Element"
                                        },
                                        "tag": "ContextFree"
                                    },
                                    "title": "No Plot Warning"
                                },
                                "tag": "Item"
                            },
                            {
                                "contents": 1,
                                "tag": "Spare"
                            },
                            null
                        ],
                        "tag": "Extended"
                    },
                    "tag": "ContextFree"
                },
                "title": "Sensor Configuration and Status"
            },
            {
                "documentation": {
                    "definition": "Plot Time stamping bias, in two’s complement form\n",
                    "description": null,
                    "remark": null
                },
                "name": "070",
                "rule": {
                    "contents": {
                        "contents": {
                            "bitSize": 16,
                            "rule": {
                                "contents": {
                                    "contents": {
                                        "constraints": [],
                                        "lsb": {
                                            "contents": 1,
                                            "tag": "NumInt"
                                        },
                                        "signedness": {
                                            "contents": [],
                                            "tag": "Signed"
                                        },
                                        "unit": "ms"
                                    },
                                    "tag": "ContentQuantity"
                                },
                                "tag": "ContextFree"
                            }
                        },
                        "tag": "Element"
                    },
                    "tag": "ContextFree"
                },
                "title": "Time Stamping Bias"
            },
            {
                "documentation": {
                    "definition": "SSR / Mode S Range Gain and Range Bias, in two’s complement form.\n",
                    "description": null,
                    "remark": "Note:\n\n    The following formula is used to correct range:\n\n    .. math::\n\n        \\rho_\\mathrm{corrected} = \\frac{\\rho_\\mathrm{measured} - range\\_bias}{1 + range\\_gain}\n"
                },
                "name": "080",
                "rule": {
                    "contents": {
                        "contents": [
                            {
                                "contents": {
                                    "documentation": {
                                        "definition": null,
                                        "description": null,
                                        "remark": null
                                    },
                                    "name": "SRG",
                                    "rule": {
                                        "contents": {
                                            "contents": {
                                                "bitSize": 16,
                                                "rule": {
                                                    "contents": {
                                                        "contents": {
                                                            "constraints": [],
                                                            "lsb": {
                                                                "contents": {
                                                                    "denominator": {
                                                                        "contents": 100000,
                                                                        "tag": "NumInt"
                                                                    },
                                                                    "numerator": {
                                                                        "contents": 1,
                                                                        "tag": "NumInt"
                                                                    }
                                                                },
                                                                "tag": "NumDiv"
                                                            },
                                                            "signedness": {
                                                                "contents": [],
                                                                "tag": "Signed"
                                                            },
                                                            "unit": ""
                                                        },
                                                        "tag": "ContentQuantity"
                                                    },
                                                    "tag": "ContextFree"
                                                }
                                            },
                                            "tag": "Element"
                                        },
                                        "tag": "ContextFree"
                                    },
                                    "title": "Mode S Range Gain"
                                },
                                "tag": "Item"
                            },
                            {
                                "contents": {
                                    "documentation": {
                                        "definition": null,
                                        "description": null,
                                        "remark": null
                                    },
                                    "name": "SRB",
                                    "rule": {
                                        "contents": {
                                            "contents": {
                                                "bitSize": 16,
                                                "rule": {
                                                    "contents": {
                                                        "contents": {
                                                            "constraints": [],
                                                            "lsb": {
                                                                "contents": {
                                                                    "denominator": {
                                                                        "contents": {
                                                                            "base": 2,
                                                                            "exponent": 7
                                                                        },
                                                                        "tag": "NumPow"
                                                                    },
                                                                    "numerator": {
                                                                        "contents": 1,
                                                                        "tag": "NumInt"
                                                                    }
                                                                },
                                                                "tag": "NumDiv"
                                                            },
                                                            "signedness": {
                                                                "contents": [],
                                                                "tag": "Signed"
                                                            },
                                                            "unit": "NM"
                                                        },
                                                        "tag": "ContentQuantity"
                                                    },
                                                    "tag": "ContextFree"
                                                }
                                            },
                                            "tag": "Element"
                                        },
                                        "tag": "ContextFree"
                                    },
                                    "title": "Mode S Range Bias"
                                },
                                "tag": "Item"
                            }
                        ],
                        "tag": "Group"
                    },
                    "tag": "ContextFree"
                },
                "title": "SSR / Mode S Range Gain and Bias"
            },
            {
                "documentation": {
                    "definition": "SSR / Mode S Azimuth Bias, in two’s complement form.\n",
                    "description": null,
                    "remark": "Note:\n\n    The following formula is used to correct azimuth:\n\n    .. math::\n\n        \\theta_\\mathrm{corrected} = \\theta_\\mathrm{measured} - azimuth\\_bias\n"
                },
                "name": "081",
                "rule": {
                    "contents": {
                        "contents": {
                            "bitSize": 16,
                            "rule": {
                                "contents": {
                                    "contents": {
                                        "constraints": [],
                                        "lsb": {
                                            "contents": {
                                                "denominator": {
                                                    "contents": {
                                                        "base": 2,
                                                        "exponent": 16
                                                    },
                                                    "tag": "NumPow"
                                                },
                                                "numerator": {
                                                    "contents": 360,
                                                    "tag": "NumInt"
                                                }
                                            },
                                            "tag": "NumDiv"
                                        },
                                        "signedness": {
                                            "contents": [],
                                            "tag": "Signed"
                                        },
                                        "unit": "°"
                                    },
                                    "tag": "ContentQuantity"
                                },
                                "tag": "ContextFree"
                            }
                        },
                        "tag": "Element"
                    },
                    "tag": "ContextFree"
                },
                "title": "SSR Mode S Azimuth Bias"
            },
            {
                "documentation": {
                    "definition": "PSR Range Gain and PSR Range Bias, in two’s complement form.\n",
                    "description": null,
                    "remark": "Note:\n\n    The following formula is used to correct range:\n\n    .. math:\n\n        \\rho_\\mathrm{corrected} = \\frac{\\rho_\\mathrm{measured} - range\\_bias}{1 + range\\_gain}\n"
                },
                "name": "090",
                "rule": {
                    "contents": {
                        "contents": [
                            {
                                "contents": {
                                    "documentation": {
                                        "definition": null,
                                        "description": null,
                                        "remark": null
                                    },
                                    "name": "PRG",
                                    "rule": {
                                        "contents": {
                                            "contents": {
                                                "bitSize": 16,
                                                "rule": {
                                                    "contents": {
                                                        "contents": {
                                                            "constraints": [],
                                                            "lsb": {
                                                                "contents": {
                                                                    "denominator": {
                                                                        "contents": 100000,
                                                                        "tag": "NumInt"
                                                                    },
                                                                    "numerator": {
                                                                        "contents": 1,
                                                                        "tag": "NumInt"
                                                                    }
                                                                },
                                                                "tag": "NumDiv"
                                                            },
                                                            "signedness": {
                                                                "contents": [],
                                                                "tag": "Signed"
                                                            },
                                                            "unit": ""
                                                        },
                                                        "tag": "ContentQuantity"
                                                    },
                                                    "tag": "ContextFree"
                                                }
                                            },
                                            "tag": "Element"
                                        },
                                        "tag": "ContextFree"
                                    },
                                    "title": "PSR Range Gain"
                                },
                                "tag": "Item"
                            },
                            {
                                "contents": {
                                    "documentation": {
                                        "definition": null,
                                        "description": null,
                                        "remark": null
                                    },
                                    "name": "PRB",
                                    "rule": {
                                        "contents": {
                                            "contents": {
                                                "bitSize": 16,
                                                "rule": {
                                                    "contents": {
                                                        "contents": {
                                                            "constraints": [],
                                                            "lsb": {
                                                                "contents": {
                                                                    "denominator": {
                                                                        "contents": {
                                                                            "base": 2,
                                                                            "exponent": 7
                                                                        },
                                                                        "tag": "NumPow"
                                                                    },
                                                                    "numerator": {
                                                                        "contents": 1,
                                                                        "tag": "NumInt"
                                                                    }
                                                                },
                                                                "tag": "NumDiv"
                                                            },
                                                            "signedness": {
                                                                "contents": [],
                                                                "tag": "Signed"
                                                            },
                                                            "unit": "NM"
                                                        },
                                                        "tag": "ContentQuantity"
                                                    },
                                                    "tag": "ContextFree"
                                                }
                                            },
                                            "tag": "Element"
                                        },
                                        "tag": "ContextFree"
                                    },
                                    "title": "PSR Range Bias"
                                },
                                "tag": "Item"
                            }
                        ],
                        "tag": "Group"
                    },
                    "tag": "ContextFree"
                },
                "title": "PSR Range Gain and Bias"
            },
            {
                "documentation": {
                    "definition": "PSR Azimuth Bias, in two’s complement form.\n",
                    "description": null,
                    "remark": "Note:\n\n    The following formula is used to correct azimuth:\n\n    .. math::\n\n        \\theta_\\mathrm{corrected} = \\theta_\\mathrm{measured} - azimuth\\_bias\n"
                },
                "name": "091",
                "rule": {
                    "contents": {
                        "contents": {
                            "bitSize": 16,
                            "rule": {
                                "contents": {
                                    "contents": {
                                        "constraints": [],
                                        "lsb": {
                                            "contents": {
                                                "denominator": {
                                                    "contents": {
                                                        "base": 2,
                                                        "exponent": 16
                                                    },
                                                    "tag": "NumPow"
                                                },
                                                "numerator": {
                                                    "contents": 360,
                                                    "tag": "NumInt"
                                                }
                                            },
                                            "tag": "NumDiv"
                                        },
                                        "signedness": {
                                            "contents": [],
                                            "tag": "Signed"
                                        },
                                        "unit": "°"
                                    },
                                    "tag": "ContentQuantity"
                                },
                                "tag": "ContextFree"
                            }
                        },
                        "tag": "Element"
                    },
                    "tag": "ContextFree"
                },
                "title": "PSR Azimuth Bias"
            },
            {
                "documentation": {
                    "definition": "PSR Elevation Bias, in two’s complement form.\n",
                    "description": null,
                    "remark": null
                },
                "name": "092",
                "rule": {
                    "contents": {
                        "contents": {
                            "bitSize": 16,
                            "rule": {
                                "contents": {
                                    "contents": {
                                        "constraints": [],
                                        "lsb": {
                                            "contents": {
                                                "denominator": {
                                                    "contents": {
                                                        "base": 2,
                                                        "exponent": 16
                                                    },
                                                    "tag": "NumPow"
                                                },
                                                "numerator": {
                                                    "contents": 360,
                                                    "tag": "NumInt"
                                                }
                                            },
                                            "tag": "NumDiv"
                                        },
                                        "signedness": {
                                            "contents": [],
                                            "tag": "Signed"
                                        },
                                        "unit": "°"
                                    },
                                    "tag": "ContentQuantity"
                                },
                                "tag": "ContextFree"
                            }
                        },
                        "tag": "Element"
                    },
                    "tag": "ContextFree"
                },
                "title": "PSR Elevation Bias"
            },
            {
                "documentation": {
                    "definition": "Expansion\n",
                    "description": null,
                    "remark": null
                },
                "name": "RE",
                "rule": {
                    "contents": {
                        "contents": {
                            "contents": [],
                            "tag": "ReservedExpansion"
                        },
                        "tag": "Explicit"
                    },
                    "tag": "ContextFree"
                },
                "title": "Reserved Expansion Field"
            },
            {
                "documentation": {
                    "definition": "Special Purpose Field\n",
                    "description": null,
                    "remark": null
                },
                "name": "SP",
                "rule": {
                    "contents": {
                        "contents": {
                            "contents": [],
                            "tag": "SpecialPurpose"
                        },
                        "tag": "Explicit"
                    },
                    "tag": "ContextFree"
                },
                "title": "Special Purpose Field"
            }
        ],
        "category": 63,
        "date": {
            "day": 4,
            "month": 8,
            "year": 2020
        },
        "edition": {
            "major": 1,
            "minor": 6
        },
        "preamble": "Surveillance data exchange.\n",
        "title": "Sensor Status Reports",
        "uap": {
            "contents": [
                {
                    "contents": "010",
                    "tag": "UapItem"
                },
                {
                    "contents": "015",
                    "tag": "UapItem"
                },
                {
                    "contents": "030",
                    "tag": "UapItem"
                },
                {
                    "contents": "050",
                    "tag": "UapItem"
                },
                {
                    "contents": "060",
                    "tag": "UapItem"
                },
                {
                    "contents": "070",
                    "tag": "UapItem"
                },
                {
                    "contents": "080",
                    "tag": "UapItem"
                },
                {
                    "contents": "081",
                    "tag": "UapItem"
                },
                {
                    "contents": "090",
                    "tag": "UapItem"
                },
                {
                    "contents": "091",
                    "tag": "UapItem"
                },
                {
                    "contents": "092",
                    "tag": "UapItem"
                },
                {
                    "contents": [],
                    "tag": "UapItemSpare"
                },
                {
                    "contents": "RE",
                    "tag": "UapItem"
                },
                {
                    "contents": "SP",
                    "tag": "UapItem"
                }
            ],
            "tag": "Uap"
        }
    },
    "tag": "AsterixBasic"
}